<ImportExportXml version="9.2.24091.182" SolutionPackageVersion="9.2" languagecode="1033" generatedBy="CrmLive" xmlns:xsi="http://www.w3.org/2001/XMLSchema-instance" OrganizationVersion="9.2.24091.182" OrganizationSchemaType="Full" CRMServerServiceabilityVersion="9.2.24091.00182">
  <SolutionManifest>
    <UniqueName>TasksSolution</UniqueName>
    <LocalizedNames>
      <LocalizedName description="Tasks Solution" languagecode="1033" />
    </LocalizedNames>
    <Descriptions />
    <Version>1.0.0.0</Version>
    <Managed>1</Managed>
    <Publisher>
      <UniqueName>Crd4864</UniqueName>
      <LocalizedNames>
        <LocalizedName description="CDS Default Publisher" languagecode="1033" />
      </LocalizedNames>
      <Descriptions />
      <EMailAddress xsi:nil="true"></EMailAddress>
      <SupportingWebsiteUrl xsi:nil="true"></SupportingWebsiteUrl>
      <CustomizationPrefix>crafd</CustomizationPrefix>
      <CustomizationOptionValuePrefix>17907</CustomizationOptionValuePrefix>
      <Addresses>
        <Address>
          <AddressNumber>1</AddressNumber>
          <AddressTypeCode xsi:nil="true"></AddressTypeCode>
          <City xsi:nil="true"></City>
          <County xsi:nil="true"></County>
          <Country xsi:nil="true"></Country>
          <Fax xsi:nil="true"></Fax>
          <FreightTermsCode xsi:nil="true"></FreightTermsCode>
          <ImportSequenceNumber xsi:nil="true"></ImportSequenceNumber>
          <Latitude xsi:nil="true"></Latitude>
          <Line1 xsi:nil="true"></Line1>
          <Line2 xsi:nil="true"></Line2>
          <Line3 xsi:nil="true"></Line3>
          <Longitude xsi:nil="true"></Longitude>
          <Name xsi:nil="true"></Name>
          <PostalCode xsi:nil="true"></PostalCode>
          <PostOfficeBox xsi:nil="true"></PostOfficeBox>
          <PrimaryContactName xsi:nil="true"></PrimaryContactName>
          <ShippingMethodCode xsi:nil="true"></ShippingMethodCode>
          <StateOrProvince xsi:nil="true"></StateOrProvince>
          <Telephone1 xsi:nil="true"></Telephone1>
          <Telephone2 xsi:nil="true"></Telephone2>
          <Telephone3 xsi:nil="true"></Telephone3>
          <TimeZoneRuleVersionNumber xsi:nil="true"></TimeZoneRuleVersionNumber>
          <UPSZone xsi:nil="true"></UPSZone>
          <UTCOffset xsi:nil="true"></UTCOffset>
          <UTCConversionTimeZoneCode xsi:nil="true"></UTCConversionTimeZoneCode>
        </Address>
        <Address>
          <AddressNumber>2</AddressNumber>
          <AddressTypeCode xsi:nil="true"></AddressTypeCode>
          <City xsi:nil="true"></City>
          <County xsi:nil="true"></County>
          <Country xsi:nil="true"></Country>
          <Fax xsi:nil="true"></Fax>
          <FreightTermsCode xsi:nil="true"></FreightTermsCode>
          <ImportSequenceNumber xsi:nil="true"></ImportSequenceNumber>
          <Latitude xsi:nil="true"></Latitude>
          <Line1 xsi:nil="true"></Line1>
          <Line2 xsi:nil="true"></Line2>
          <Line3 xsi:nil="true"></Line3>
          <Longitude xsi:nil="true"></Longitude>
          <Name xsi:nil="true"></Name>
          <PostalCode xsi:nil="true"></PostalCode>
          <PostOfficeBox xsi:nil="true"></PostOfficeBox>
          <PrimaryContactName xsi:nil="true"></PrimaryContactName>
          <ShippingMethodCode xsi:nil="true"></ShippingMethodCode>
          <StateOrProvince xsi:nil="true"></StateOrProvince>
          <Telephone1 xsi:nil="true"></Telephone1>
          <Telephone2 xsi:nil="true"></Telephone2>
          <Telephone3 xsi:nil="true"></Telephone3>
          <TimeZoneRuleVersionNumber xsi:nil="true"></TimeZoneRuleVersionNumber>
          <UPSZone xsi:nil="true"></UPSZone>
          <UTCOffset xsi:nil="true"></UTCOffset>
          <UTCConversionTimeZoneCode xsi:nil="true"></UTCConversionTimeZoneCode>
        </Address>
      </Addresses>
    </Publisher>
    <RootComponents>
      <RootComponent type="1" schemaName="contact" behavior="0" />
      <RootComponent type="1" schemaName="crafd_emailtemplates" behavior="0" />
      <RootComponent type="60" id="{70ad8b15-e3f3-4d7d-9e4b-16cb4e51b484}" />
      <RootComponent type="61" schemaName="crafd_locales" behavior="0" />
      <RootComponent type="61" schemaName="crafd_Placeholder" behavior="0" />
      <RootComponent type="61" schemaName="crafd_PlaceholderUpdate" behavior="0" />
      <RootComponent type="61" schemaName="crafd_task1_modified" behavior="0" />
      <RootComponent type="61" schemaName="crafd_task3" behavior="0" />
      <RootComponent type="61" schemaName="crafd_task3_dialogWindow" behavior="0" />
      <RootComponent type="61" schemaName="crafd_task4" behavior="0" />
      <RootComponent type="61" schemaName="crafd_task5" behavior="0" />
      <RootComponent type="61" schemaName="crafd_task5_externalModification_for_task3" behavior="0" />
      <RootComponent type="62" schemaName="crafd_Tasks" behavior="0" />
      <RootComponent type="80" schemaName="crafd_Tasks" behavior="0" />
    </RootComponents>
    <MissingDependencies>
      <MissingDependency>
        <Required type="1" schemaName="adx_externalidentity" displayName="External Identity" solution="PowerPages_RuntimeCore (1.0.2407.1)">
          <package>PowerPages_Core (1.0.2408.119)</package>
        </Required>
        <Dependent type="1" schemaName="contact" displayName="Contact" />
      </MissingDependency>
      <MissingDependency>
        <Required type="1" schemaName="adx_externalidentity" displayName="External Identity" solution="PowerPages_RuntimeCore (1.0.2407.1)">
          <package>PowerPages_Core (1.0.2408.119)</package>
        </Required>
        <Dependent type="60" displayName="Portal Contact (Enhanced)" parentDisplayName="Contact" id="{c1c97961-2d42-4103-abf8-2fe2bdf38224}" />
      </MissingDependency>
      <MissingDependency>
        <Required type="1" schemaName="adx_invitation" displayName="Invitation" solution="PowerPages_RuntimeCore (1.0.2407.1)">
          <package>PowerPages_Core (1.0.2408.119)</package>
        </Required>
        <Dependent type="1" schemaName="contact" displayName="Contact" />
      </MissingDependency>
      <MissingDependency>
        <Required type="1" schemaName="adx_webformsession" displayName="Multistep Form Session" solution="PowerPages_RuntimeCore (1.0.2407.1)">
          <package>PowerPages_Core (1.0.2408.119)</package>
        </Required>
        <Dependent type="1" schemaName="contact" displayName="Contact" />
      </MissingDependency>
      <MissingDependency>
        <Required type="1" schemaName="entitlement" displayName="Entitlement" solution="msdynce_Service (9.0.5.56)" />
        <Dependent type="60" displayName="Contact" parentDisplayName="Contact" id="{1fed44d1-ae68-4a41-bd2b-f13acac4acfa}" />
      </MissingDependency>
      <MissingDependency>
        <Required type="1" schemaName="incident" displayName="Case" solution="msdynce_Service (9.0.5.56)" />
        <Dependent type="60" displayName="Contact" parentDisplayName="Contact" id="{1fed44d1-ae68-4a41-bd2b-f13acac4acfa}" />
      </MissingDependency>
      <MissingDependency>
        <Required type="1" schemaName="msdyn_contactkpiitem" displayName="Contact KPI Item" solution="RelationshipAnalytics (9.0.24091.10001)">
          <package>msdynce_SalesInsightsAnchor (9.0.24091.10007)</package>
        </Required>
        <Dependent type="1" schemaName="contact" displayName="Contact" />
      </MissingDependency>
      <MissingDependency>
        <Required type="1" schemaName="msdyn_conversationparticipantinsights" displayName="Conversation Participant Insights" solution="msdyn_Conversation_Intelligence (9.0.1.1269)" />
        <Dependent type="1" schemaName="contact" displayName="Contact" />
      </MissingDependency>
      <MissingDependency>
        <Required type="1" schemaName="msdyn_dailycontactkpiitem" displayName="Daily kpis for contact" solution="RelationshipAnalytics (9.0.24091.10001)">
          <package>msdynce_SalesInsightsAnchor (9.0.24091.10007)</package>
        </Required>
        <Dependent type="1" schemaName="contact" displayName="Contact" />
      </MissingDependency>
      <MissingDependency>
        <Required type="1" schemaName="msdyn_linkedentityattributevalidity" displayName="Linked Entity Attribute Validity" solution="msdyn_leadhygiene (9.1.2409.1001)">
          <package>msdyn_AcceleratedSalesAnchor (9.1.24091.10002)</package>
        </Required>
        <Dependent type="1" schemaName="contact" displayName="Contact" />
      </MissingDependency>
      <MissingDependency>
        <Required type="1" schemaName="msdyn_liveconversation" displayName="Ongoing conversation (Deprecated)" solution="OmnichannelBase (1.10.0.84)">
          <package>UnifiedRoutingPrimeAnchor (1.5.26.139)</package>
        </Required>
        <Dependent type="1" schemaName="contact" displayName="Contact" />
      </MissingDependency>
      <MissingDependency>
        <Required type="1" schemaName="msdyn_mostcontacted" displayName="Most Contacted" solution="RelationshipAnalytics (9.0.24091.10001)">
          <package>msdynce_SalesInsightsAnchor (9.0.24091.10007)</package>
        </Required>
        <Dependent type="1" schemaName="contact" displayName="Contact" />
      </MissingDependency>
      <MissingDependency>
        <Required type="1" schemaName="msdyn_mostcontactedby" displayName="Most Contacted By" solution="RelationshipAnalytics (9.0.24091.10001)">
          <package>msdynce_SalesInsightsAnchor (9.0.24091.10007)</package>
        </Required>
        <Dependent type="1" schemaName="contact" displayName="Contact" />
      </MissingDependency>
      <MissingDependency>
        <Required type="1" schemaName="msdyn_ocliveworkitem" displayName="Conversation" solution="OmnichannelBase (1.10.0.84)">
          <package>UnifiedRoutingPrimeAnchor (1.5.26.139)</package>
        </Required>
        <Dependent type="1" schemaName="contact" displayName="Contact" />
      </MissingDependency>
      <MissingDependency>
        <Required type="1" schemaName="msdyn_orgchartnode" displayName="Microsoft Orgchart node entity" solution="msdyn_LinkedInExtensions (9.0.24075.10004)">
          <package>msdyn_SalesIntegrationsAddOns (9.0.24091.10004)</package>
        </Required>
        <Dependent type="1" schemaName="contact" displayName="Contact" />
      </MissingDependency>
      <MissingDependency>
        <Required type="1" schemaName="msdyn_preferredagent" displayName="Preferred Agent" solution="UnifiedRouting (1.0.0.5169)">
          <package>UnifiedRoutingPrimeAnchor (1.5.26.139)</package>
        </Required>
        <Dependent type="1" schemaName="contact" displayName="Contact" />
      </MissingDependency>
      <MissingDependency>
        <Required type="1" schemaName="msdyn_sabackupdiagnostic" displayName="sabackupdiagnostic" solution="msdyn_segment (9.1.2409.1001)">
          <package>msdyn_AcceleratedSalesAnchor (9.1.24091.10002)</package>
        </Required>
        <Dependent type="1" schemaName="contact" displayName="Contact" />
      </MissingDependency>
      <MissingDependency>
        <Required type="1" schemaName="msdyn_salescopilotinsight" displayName="Sales Copilot Insight" solution="msdyn_SalesCopilot (9.1.24091.10006)">
          <package>msdynce_SalesAnchor (9.0.24091.10006)</package>
        </Required>
        <Dependent type="1" schemaName="contact" displayName="Contact" />
      </MissingDependency>
      <MissingDependency>
        <Required type="1" schemaName="msdyn_salespremiumdemo" displayName="Sales Premium Demo" solution="msdyn_SalesPremiumSampleData (9.0.1.1346)" />
        <Dependent type="1" schemaName="contact" displayName="Contact" />
      </MissingDependency>
      <MissingDependency>
        <Required type="1" schemaName="msdyn_salesroutingdiagnostic" displayName="salesroutingdiagnostic" solution="msdyn_segment (9.1.2409.1001)">
          <package>msdyn_AcceleratedSalesAnchor (9.1.24091.10002)</package>
        </Required>
        <Dependent type="1" schemaName="contact" displayName="Contact" />
      </MissingDependency>
      <MissingDependency>
        <Required type="1" schemaName="msdyn_salesroutingrun" displayName="Sales routing run" solution="msdyn_SalesRouting (9.1.2409.1001)">
          <package>msdyn_AcceleratedSalesAnchor (9.1.24091.10002)</package>
        </Required>
        <Dependent type="1" schemaName="contact" displayName="Contact" />
      </MissingDependency>
      <MissingDependency>
        <Required type="1" schemaName="msdyn_salessuggestion" displayName="Insight" solution="msdyn_acceleratedsales (9.1.24091.10002)">
          <package>msdyn_AcceleratedSalesAnchor (9.1.24091.10002)</package>
        </Required>
        <Dependent type="1" schemaName="contact" displayName="Contact" />
      </MissingDependency>
      <MissingDependency>
        <Required type="1" schemaName="msdyn_sequencetarget" displayName="Sequence Target" solution="msdyn_Sequence (9.1.24091.10002)">
          <package>msdyn_AcceleratedSalesAnchor (9.1.24091.10002)</package>
        </Required>
        <Dependent type="1" schemaName="contact" displayName="Contact" />
      </MissingDependency>
      <MissingDependency>
        <Required type="1" schemaName="msdyn_taggedrecord" displayName="Tagged Record" solution="msdyn_VivaSalesCore (9.18.24221.2)">
          <package>msdynce_SalesAnchor (9.0.24091.10006)</package>
        </Required>
        <Dependent type="1" schemaName="contact" displayName="Contact" />
      </MissingDependency>
      <MissingDependency>
        <Required type="1" schemaName="mspp_webrole" displayName="Web Role" solution="PowerPages_Apps (1.0.2407.8)">
          <package>PowerPages_Core (1.0.2408.119)</package>
        </Required>
        <Dependent type="60" displayName="Portal Contact (Enhanced)" parentDisplayName="Contact" id="{c1c97961-2d42-4103-abf8-2fe2bdf38224}" />
      </MissingDependency>
      <MissingDependency>
        <Required type="1" schemaName="opportunity" displayName="Opportunity" solution="msdynce_Sales (9.0.4.0076)">
          <package>msdynce_SalesAnchor (9.0.24091.10006)</package>
        </Required>
        <Dependent type="60" displayName="Contact" parentDisplayName="Contact" id="{1fed44d1-ae68-4a41-bd2b-f13acac4acfa}" />
      </MissingDependency>
      <MissingDependency>
        <Required type="1" schemaName="powerpagessiteaifeedback" displayName="Power Pages Site AI Feedback" solution="PowerPages_RuntimeExtensions (1.0.2408.1)">
          <package>PowerPages_Core (1.0.2408.119)</package>
        </Required>
        <Dependent type="1" schemaName="contact" displayName="Contact" />
      </MissingDependency>
      <MissingDependency>
        <Required type="10" schemaName="adx_contact_externalidentity" displayName="adx_contact_externalidentity" parentSchemaName="contact" parentDisplayName="Contact" solution="PowerPages_RuntimeCore (1.0.2407.1)">
          <package>PowerPages_Core (1.0.2408.119)</package>
        </Required>
        <Dependent type="60" displayName="Portal Contact (Enhanced)" parentDisplayName="Contact" id="{c1c97961-2d42-4103-abf8-2fe2bdf38224}" />
      </MissingDependency>
      <MissingDependency>
        <Required type="2" schemaName="adx_identity_accessfailedcount" displayName="Access Failed Count" parentSchemaName="contact" parentDisplayName="Contact" solution="PowerPages_RuntimeCore (1.0.2407.1)">
          <package>PowerPages_Core (1.0.2408.119)</package>
        </Required>
        <Dependent type="60" displayName="Portal Contact (Enhanced)" parentDisplayName="Contact" id="{c1c97961-2d42-4103-abf8-2fe2bdf38224}" />
      </MissingDependency>
      <MissingDependency>
        <Required type="2" schemaName="adx_identity_emailaddress1confirmed" displayName="Email Confirmed" parentSchemaName="contact" parentDisplayName="Contact" solution="PowerPages_RuntimeCore (1.0.2407.1)">
          <package>PowerPages_Core (1.0.2408.119)</package>
        </Required>
        <Dependent type="60" displayName="Portal Contact (Enhanced)" parentDisplayName="Contact" id="{c1c97961-2d42-4103-abf8-2fe2bdf38224}" />
      </MissingDependency>
      <MissingDependency>
        <Required type="2" schemaName="adx_identity_locallogindisabled" displayName="Local Login Disabled" parentSchemaName="contact" parentDisplayName="Contact" solution="PowerPages_RuntimeCore (1.0.2407.1)">
          <package>PowerPages_Core (1.0.2408.119)</package>
        </Required>
        <Dependent type="60" displayName="Portal Contact (Enhanced)" parentDisplayName="Contact" id="{c1c97961-2d42-4103-abf8-2fe2bdf38224}" />
      </MissingDependency>
      <MissingDependency>
        <Required type="2" schemaName="adx_identity_lockoutenabled" displayName="Lockout Enabled" parentSchemaName="contact" parentDisplayName="Contact" solution="PowerPages_RuntimeCore (1.0.2407.1)">
          <package>PowerPages_Core (1.0.2408.119)</package>
        </Required>
        <Dependent type="60" displayName="Portal Contact (Enhanced)" parentDisplayName="Contact" id="{c1c97961-2d42-4103-abf8-2fe2bdf38224}" />
      </MissingDependency>
      <MissingDependency>
        <Required type="2" schemaName="adx_identity_lockoutenddate" displayName="Lockout End Date" parentSchemaName="contact" parentDisplayName="Contact" solution="PowerPages_RuntimeCore (1.0.2407.1)">
          <package>PowerPages_Core (1.0.2408.119)</package>
        </Required>
        <Dependent type="60" displayName="Portal Contact (Enhanced)" parentDisplayName="Contact" id="{c1c97961-2d42-4103-abf8-2fe2bdf38224}" />
      </MissingDependency>
      <MissingDependency>
        <Required type="2" schemaName="adx_identity_logonenabled" displayName="Login Enabled" parentSchemaName="contact" parentDisplayName="Contact" solution="PowerPages_RuntimeCore (1.0.2407.1)">
          <package>PowerPages_Core (1.0.2408.119)</package>
        </Required>
        <Dependent type="60" displayName="Portal Contact (Enhanced)" parentDisplayName="Contact" id="{c1c97961-2d42-4103-abf8-2fe2bdf38224}" />
      </MissingDependency>
      <MissingDependency>
        <Required type="2" schemaName="adx_identity_mobilephoneconfirmed" displayName="Mobile Phone Confirmed" parentSchemaName="contact" parentDisplayName="Contact" solution="PowerPages_RuntimeCore (1.0.2407.1)">
          <package>PowerPages_Core (1.0.2408.119)</package>
        </Required>
        <Dependent type="60" displayName="Portal Contact (Enhanced)" parentDisplayName="Contact" id="{c1c97961-2d42-4103-abf8-2fe2bdf38224}" />
      </MissingDependency>
      <MissingDependency>
        <Required type="2" schemaName="adx_identity_securitystamp" displayName="Security Stamp" parentSchemaName="contact" parentDisplayName="Contact" solution="PowerPages_RuntimeCore (1.0.2407.1)">
          <package>PowerPages_Core (1.0.2408.119)</package>
        </Required>
        <Dependent type="60" displayName="Portal Contact (Enhanced)" parentDisplayName="Contact" id="{c1c97961-2d42-4103-abf8-2fe2bdf38224}" />
      </MissingDependency>
      <MissingDependency>
        <Required type="2" schemaName="adx_identity_twofactorenabled" displayName="Two Factor Enabled" parentSchemaName="contact" parentDisplayName="Contact" solution="PowerPages_RuntimeCore (1.0.2407.1)">
          <package>PowerPages_Core (1.0.2408.119)</package>
        </Required>
        <Dependent type="60" displayName="Portal Contact (Enhanced)" parentDisplayName="Contact" id="{c1c97961-2d42-4103-abf8-2fe2bdf38224}" />
      </MissingDependency>
      <MissingDependency>
        <Required type="2" schemaName="adx_identity_username" displayName="User Name" parentSchemaName="contact" parentDisplayName="Contact" solution="PowerPages_RuntimeCore (1.0.2407.1)">
          <package>PowerPages_Core (1.0.2408.119)</package>
        </Required>
        <Dependent type="60" displayName="Portal Contact (Enhanced)" parentDisplayName="Contact" id="{c1c97961-2d42-4103-abf8-2fe2bdf38224}" />
      </MissingDependency>
      <MissingDependency>
        <Required type="2" schemaName="adx_organizationname" displayName="Organization Name" parentSchemaName="contact" parentDisplayName="Contact" solution="PowerPages_RuntimeCoreDependencies (1.0.2305.1)">
          <package>PowerPages_Core (1.0.2408.119)</package>
        </Required>
        <Dependent type="60" displayName="Profile Web Form (Enhanced) - Japanese" parentDisplayName="Contact" id="{01124dd8-9bff-4cc0-bb33-ea9d943c3f9f}" />
      </MissingDependency>
      <MissingDependency>
        <Required type="2" schemaName="adx_organizationname" displayName="Organization Name" parentSchemaName="contact" parentDisplayName="Contact" solution="PowerPages_RuntimeCoreDependencies (1.0.2305.1)">
          <package>PowerPages_Core (1.0.2408.119)</package>
        </Required>
        <Dependent type="60" displayName="Profile Web Form (Enhanced)" parentDisplayName="Contact" id="{bddc0100-0dbe-4562-aafe-31d08c8ab506}" />
      </MissingDependency>
      <MissingDependency>
        <Required type="2" schemaName="adx_publicprofilecopy" displayName="Public Profile Copy" parentSchemaName="contact" parentDisplayName="Contact" solution="PowerPages_RuntimeCore (1.0.2407.1)">
          <package>PowerPages_Core (1.0.2408.119)</package>
        </Required>
        <Dependent type="60" displayName="Profile Web Form (Enhanced) - Japanese" parentDisplayName="Contact" id="{01124dd8-9bff-4cc0-bb33-ea9d943c3f9f}" />
      </MissingDependency>
      <MissingDependency>
        <Required type="2" schemaName="adx_publicprofilecopy" displayName="Public Profile Copy" parentSchemaName="contact" parentDisplayName="Contact" solution="PowerPages_RuntimeCore (1.0.2407.1)">
          <package>PowerPages_Core (1.0.2408.119)</package>
        </Required>
        <Dependent type="60" displayName="Profile Web Form (Enhanced)" parentDisplayName="Contact" id="{bddc0100-0dbe-4562-aafe-31d08c8ab506}" />
      </MissingDependency>
      <MissingDependency>
        <Required type="2" schemaName="adx_timezone" displayName="Time Zone" parentSchemaName="contact" parentDisplayName="Contact" solution="PowerPages_RuntimeCoreDependencies (1.0.2305.1)">
          <package>PowerPages_Core (1.0.2408.119)</package>
        </Required>
        <Dependent type="60" displayName="Portal Contact (Enhanced)" parentDisplayName="Contact" id="{c1c97961-2d42-4103-abf8-2fe2bdf38224}" />
      </MissingDependency>
      <MissingDependency>
        <Required type="2" schemaName="businesscard" displayName="Business Card" parentSchemaName="contact" parentDisplayName="Contact" solution="msdynce_SalesPatch201904 (9.0.1912.1007)">
          <package>msdynce_SalesAnchor (9.0.24091.10006)</package>
        </Required>
        <Dependent type="60" displayName="Contact" parentDisplayName="Contact" id="{1fed44d1-ae68-4a41-bd2b-f13acac4acfa}" />
      </MissingDependency>
      <MissingDependency>
        <Required type="2" schemaName="businesscardattributes" displayName="BusinessCardAttributes" parentSchemaName="contact" parentDisplayName="Contact" solution="msdynce_SalesPatch201904 (9.0.1912.1007)">
          <package>msdynce_SalesAnchor (9.0.24091.10006)</package>
        </Required>
        <Dependent type="60" displayName="Contact" parentDisplayName="Contact" id="{1fed44d1-ae68-4a41-bd2b-f13acac4acfa}" />
      </MissingDependency>
      <MissingDependency>
        <Required type="2" schemaName="defaultpricelevelid" displayName="Price List" parentSchemaName="contact" parentDisplayName="Contact" solution="msdynce_ProductManagement (9.0.4.0066)">
          <package>msdynce_ProductManagementAnchor (9.0.24091.10001)</package>
        </Required>
        <Dependent type="60" displayName="Portal Contact (Enhanced)" parentDisplayName="Contact" id="{c1c97961-2d42-4103-abf8-2fe2bdf38224}" />
      </MissingDependency>
      <MissingDependency>
        <Required type="2" schemaName="mspp_userpreferredlcid" displayName="Preferred Language" parentSchemaName="contact" parentDisplayName="Contact" solution="PowerPages_RuntimeExtensions (1.0.2408.1)">
          <package>PowerPages_Core (1.0.2408.119)</package>
        </Required>
        <Dependent type="60" displayName="Profile Web Form (Enhanced) - Japanese" parentDisplayName="Contact" id="{01124dd8-9bff-4cc0-bb33-ea9d943c3f9f}" />
      </MissingDependency>
      <MissingDependency>
        <Required type="2" schemaName="mspp_userpreferredlcid" displayName="Preferred Language" parentSchemaName="contact" parentDisplayName="Contact" solution="PowerPages_RuntimeExtensions (1.0.2408.1)">
          <package>PowerPages_Core (1.0.2408.119)</package>
        </Required>
        <Dependent type="60" displayName="Profile Web Form (Enhanced)" parentDisplayName="Contact" id="{bddc0100-0dbe-4562-aafe-31d08c8ab506}" />
      </MissingDependency>
      <MissingDependency>
        <Required type="2" schemaName="originatingleadid" displayName="Originating Lead" parentSchemaName="contact" parentDisplayName="Contact" solution="msdynce_LeadManagement (9.0.4.0066)">
          <package>msdynce_LeadManagementAnchor (9.0.24091.10001)</package>
        </Required>
        <Dependent type="60" displayName="Contact" parentDisplayName="Contact" id="{1fed44d1-ae68-4a41-bd2b-f13acac4acfa}" />
      </MissingDependency>
      <MissingDependency>
        <Required type="26" schemaName="My Active Cases" displayName="My Active Cases" parentSchemaName="incident" parentDisplayName="Case" solution="msdynce_Service (9.0.5.56)" id="{00000000-0000-0000-00aa-000010001028}" />
        <Dependent type="60" displayName="Contact" parentDisplayName="Contact" id="{1fed44d1-ae68-4a41-bd2b-f13acac4acfa}" />
      </MissingDependency>
      <MissingDependency>
        <Required type="26" schemaName="My Open Opportunities" displayName="My Open Opportunities" parentSchemaName="opportunity" parentDisplayName="Opportunity" solution="msdynce_Sales (9.0.4.0076)" id="{00000000-0000-0000-00aa-000010003000}">
          <package>msdynce_SalesAnchor (9.0.24091.10006)</package>
        </Required>
        <Dependent type="60" displayName="Contact" parentDisplayName="Contact" id="{1fed44d1-ae68-4a41-bd2b-f13acac4acfa}" />
      </MissingDependency>
      <MissingDependency>
        <Required type="26" schemaName="Active Web Roles" displayName="Active Web Roles" parentSchemaName="mspp_webrole" parentDisplayName="Web Role" solution="PowerPages_Apps (1.0.2407.8)" id="{735de4f0-c287-42eb-b5e6-2f01a75a40fb}">
          <package>PowerPages_Core (1.0.2408.119)</package>
        </Required>
        <Dependent type="60" displayName="Portal Contact (Enhanced)" parentDisplayName="Contact" id="{c1c97961-2d42-4103-abf8-2fe2bdf38224}" />
      </MissingDependency>
      <MissingDependency>
        <Required type="26" schemaName="Active External Identities" displayName="Active External Identities" parentSchemaName="adx_externalidentity" parentDisplayName="External Identity" solution="PowerPages_RuntimeCore (1.0.2407.1)" id="{93fe9ed1-cabf-4755-9f63-4f3f989084e6}">
          <package>PowerPages_Core (1.0.2408.119)</package>
        </Required>
        <Dependent type="60" displayName="Portal Contact (Enhanced)" parentDisplayName="Contact" id="{c1c97961-2d42-4103-abf8-2fe2bdf38224}" />
      </MissingDependency>
      <MissingDependency>
        <Required type="26" schemaName="Recent Opportunities" displayName="Recent Opportunities" parentSchemaName="opportunity" parentDisplayName="Opportunity" solution="msdynce_Sales (9.0.4.0076)" id="{9c3f7ee8-eca7-e211-9fb6-00155dd0ea05}">
          <package>msdynce_SalesAnchor (9.0.24091.10006)</package>
        </Required>
        <Dependent type="60" displayName="Contact" parentDisplayName="Contact" id="{1fed44d1-ae68-4a41-bd2b-f13acac4acfa}" />
      </MissingDependency>
      <MissingDependency>
        <Required type="26" schemaName="All Entitlements" displayName="All Entitlements" parentSchemaName="entitlement" parentDisplayName="Entitlement" solution="msdynce_Service (9.0.5.56)" id="{aa69e7e2-913a-4a5a-8609-8ca443554909}" />
        <Dependent type="60" displayName="Contact" parentDisplayName="Contact" id="{1fed44d1-ae68-4a41-bd2b-f13acac4acfa}" />
      </MissingDependency>
      <MissingDependency>
        <Required type="26" schemaName="Recent Cases" displayName="Recent Cases" parentSchemaName="incident" parentDisplayName="Case" solution="msdynce_Service (9.0.5.56)" id="{ebd1d24a-eea7-e211-9fb6-00155dd0ea05}" />
        <Dependent type="60" displayName="Contact" parentDisplayName="Contact" id="{1fed44d1-ae68-4a41-bd2b-f13acac4acfa}" />
      </MissingDependency>
      <MissingDependency>
        <Required type="59" schemaName="Top Customers" displayName="Top Customers" parentSchemaName="opportunity" parentDisplayName="Opportunity" solution="msdynce_Sales (9.0.4.0076)" id="{8bc5fb18-48f2-4782-9e16-3d452fa4ddce}">
          <package>msdynce_SalesAnchor (9.0.24091.10006)</package>
        </Required>
        <Dependent type="60" displayName="Contact" parentDisplayName="Contact" id="{1fed44d1-ae68-4a41-bd2b-f13acac4acfa}" />
      </MissingDependency>
      <MissingDependency>
        <Required type="59" schemaName="Case Mix (By Business Unit)" displayName="Case Mix (By Business Unit)" parentSchemaName="incident" parentDisplayName="Case" solution="msdynce_Service (9.0.5.56)" id="{f10375a6-4893-de11-97d4-00155da3b01e}" />
        <Dependent type="60" displayName="Contact" parentDisplayName="Contact" id="{1fed44d1-ae68-4a41-bd2b-f13acac4acfa}" />
      </MissingDependency>
      <MissingDependency>
        <Required type="59" schemaName="Entitlements Expiration" displayName="Entitlements Expiration" parentSchemaName="entitlement" parentDisplayName="Entitlement" solution="msdynce_Service (9.0.5.56)" id="{fdb919bb-c6fc-4fc8-8fa5-67ace68e41d1}" />
        <Dependent type="60" displayName="Contact" parentDisplayName="Contact" id="{1fed44d1-ae68-4a41-bd2b-f13acac4acfa}" />
      </MissingDependency>
      <MissingDependency>
        <Required type="60" displayName="Profile Web Form (Enhanced) - Japanese" parentDisplayName="Contact" solution="PowerPages_RuntimeCore (1.0.2407.1)" id="{01124dd8-9bff-4cc0-bb33-ea9d943c3f9f}">
          <package>PowerPages_Core (1.0.2408.119)</package>
        </Required>
        <Dependent type="60" displayName="Profile Web Form (Enhanced) - Japanese" parentDisplayName="Contact" id="{01124dd8-9bff-4cc0-bb33-ea9d943c3f9f}" />
      </MissingDependency>
      <MissingDependency>
        <Required type="60" displayName="Contact" parentDisplayName="Contact" solution="msdynce_AppCommon (9.0.4.0066)" id="{1fed44d1-ae68-4a41-bd2b-f13acac4acfa}">
          <package>msdynce_AppCommonAnchor (9.0.24091.10002)</package>
        </Required>
        <Dependent type="60" displayName="Contact" parentDisplayName="Contact" id="{1fed44d1-ae68-4a41-bd2b-f13acac4acfa}" />
      </MissingDependency>
      <MissingDependency>
        <Required type="60" displayName="account contact card" parentDisplayName="Contact" solution="msdynce_AppCommon (9.0.4.0066)" id="{29de27bc-a257-4f29-99cf-bab4a84e688f}">
          <package>msdynce_AppCommonAnchor (9.0.24091.10002)</package>
        </Required>
        <Dependent type="60" displayName="Contact" parentDisplayName="Contact" id="{1fed44d1-ae68-4a41-bd2b-f13acac4acfa}" />
      </MissingDependency>
      <MissingDependency>
        <Required type="60" displayName="Information" parentDisplayName="Contact" solution="msdynce_AppCommon (9.0.4.0066)" id="{894cc46a-b0cb-4ab0-8bf6-200544e46a2d}">
          <package>msdynce_AppCommonAnchor (9.0.24091.10002)</package>
        </Required>
        <Dependent type="60" displayName="Information" parentDisplayName="Contact" id="{894cc46a-b0cb-4ab0-8bf6-200544e46a2d}" />
      </MissingDependency>
      <MissingDependency>
        <Required type="60" displayName="Profile Web Form (Enhanced)" parentDisplayName="Contact" solution="PowerPages_RuntimeCore (1.0.2407.1)" id="{bddc0100-0dbe-4562-aafe-31d08c8ab506}">
          <package>PowerPages_Core (1.0.2408.119)</package>
        </Required>
        <Dependent type="60" displayName="Profile Web Form (Enhanced)" parentDisplayName="Contact" id="{bddc0100-0dbe-4562-aafe-31d08c8ab506}" />
      </MissingDependency>
      <MissingDependency>
        <Required type="60" displayName="Portal Contact (Enhanced)" parentDisplayName="Contact" solution="PowerPages_RuntimeCore (1.0.2407.1)" id="{c1c97961-2d42-4103-abf8-2fe2bdf38224}">
          <package>PowerPages_Core (1.0.2408.119)</package>
        </Required>
        <Dependent type="60" displayName="Portal Contact (Enhanced)" parentDisplayName="Contact" id="{c1c97961-2d42-4103-abf8-2fe2bdf38224}" />
      </MissingDependency>
      <MissingDependency>
        <Required type="60" displayName="Invite Web Form" parentDisplayName="Contact" solution="PowerPages_RuntimeCore (1.0.2407.1)" id="{d6190b35-9474-4098-9698-33f6627eb3bf}">
          <package>PowerPages_Core (1.0.2408.119)</package>
        </Required>
        <Dependent type="60" displayName="Invite Web Form" parentDisplayName="Contact" id="{d6190b35-9474-4098-9698-33f6627eb3bf}" />
      </MissingDependency>
      <MissingDependency>
        <Required type="61" schemaName="AppCommon/Contact/Contact_main_system_library.js" displayName="AppCommon/Contact/Contact_main_system_library.js" solution="msdynce_AppCommon (9.0.4.0066)">
          <package>msdynce_AppCommonAnchor (9.0.24091.10002)</package>
        </Required>
        <Dependent type="60" displayName="Profile Web Form (Enhanced) - Japanese" parentDisplayName="Contact" id="{01124dd8-9bff-4cc0-bb33-ea9d943c3f9f}" />
      </MissingDependency>
      <MissingDependency>
        <Required type="61" schemaName="AppCommon/Contact/Contact_main_system_library.js" displayName="AppCommon/Contact/Contact_main_system_library.js" solution="msdynce_AppCommon (9.0.4.0066)">
          <package>msdynce_AppCommonAnchor (9.0.24091.10002)</package>
        </Required>
        <Dependent type="60" displayName="Contact" parentDisplayName="Contact" id="{1fed44d1-ae68-4a41-bd2b-f13acac4acfa}" />
      </MissingDependency>
      <MissingDependency>
        <Required type="61" schemaName="AppCommon/Contact/Contact_main_system_library.js" displayName="AppCommon/Contact/Contact_main_system_library.js" solution="msdynce_AppCommon (9.0.4.0066)">
          <package>msdynce_AppCommonAnchor (9.0.24091.10002)</package>
        </Required>
        <Dependent type="60" displayName="Profile Web Form (Enhanced)" parentDisplayName="Contact" id="{bddc0100-0dbe-4562-aafe-31d08c8ab506}" />
      </MissingDependency>
      <MissingDependency>
        <Required type="61" schemaName="AppCommon/Contact/Contact_main_system_library.js" displayName="AppCommon/Contact/Contact_main_system_library.js" solution="msdynce_AppCommon (9.0.4.0066)">
          <package>msdynce_AppCommonAnchor (9.0.24091.10002)</package>
        </Required>
        <Dependent type="60" displayName="Portal Contact (Enhanced)" parentDisplayName="Contact" id="{c1c97961-2d42-4103-abf8-2fe2bdf38224}" />
      </MissingDependency>
      <MissingDependency>
        <Required type="61" schemaName="AppCommon/Contact/Contact_main_system_library.js" displayName="AppCommon/Contact/Contact_main_system_library.js" solution="msdynce_AppCommon (9.0.4.0066)">
          <package>msdynce_AppCommonAnchor (9.0.24091.10002)</package>
        </Required>
        <Dependent type="60" displayName="Invite Web Form" parentDisplayName="Contact" id="{d6190b35-9474-4098-9698-33f6627eb3bf}" />
      </MissingDependency>
      <MissingDependency>
        <Required type="61" schemaName="EmailConfig.svg" displayName="EmailConfig.svg" solution="PowerPlatformEnvironmentSettings (1.1.0.2233)" />
        <Dependent type="62" schemaName="crafd_Tasks" />
      </MissingDependency>
      <MissingDependency>
        <Required type="61" schemaName="Icons/msdyn_InboxChannelIcon_Email" displayName="Icons/msdyn_InboxChannelIcon_Email" solution="msdyn_InboxSolution (1.0.24075.1004)">
          <package>msdyn_ServiceExtendedAnchor (9.0.24083.1009)</package>
        </Required>
        <Dependent type="62" schemaName="crafd_Tasks" />
      </MissingDependency>
      <MissingDependency>
        <Required type="61" schemaName="msdyn_/Images/AppModule_Default_Icon.png" displayName="msdyn_/Images/AppModule_Default_Icon.png" solution="AppModuleWebResources (2.5)" />
        <Dependent type="80" schemaName="crafd_Tasks" displayName="Tasks" />
      </MissingDependency>
      <MissingDependency>
        <Required type="61" schemaName="msdyn_/Scripts/WhoKnowsWhomLoader.js" displayName="msdyn_/Scripts/WhoKnowsWhomLoader.js" solution="msdyn_connectiongraph (9.3.24091.10001)">
          <package>msdynce_SalesInsightsAnchor (9.0.24091.10007)</package>
        </Required>
        <Dependent type="60" displayName="Contact" parentDisplayName="Contact" id="{1fed44d1-ae68-4a41-bd2b-f13acac4acfa}" />
      </MissingDependency>
      <MissingDependency>
        <Required type="61" schemaName="msdyn_SalesOmniChannel/SalesPhoneNumber.Library.js" displayName="msdyn_SalesOmniChannel/SalesPhoneNumber.Library.js" solution="msdyn_SalesOmniChannel (9.1.24091.10002)">
          <package>msdyn_AcceleratedSalesAnchor (9.1.24091.10002)</package>
        </Required>
        <Dependent type="60" displayName="Contact" parentDisplayName="Contact" id="{1fed44d1-ae68-4a41-bd2b-f13acac4acfa}" />
      </MissingDependency>
      <MissingDependency>
        <Required type="61" schemaName="msdyn_talkingpointsloader.js" displayName="msdyn_talkingpointsloader.js" solution="msdynce_Talkingpoints (9.1.0.59)">
          <package>msdynce_SalesInsightsAnchor (9.0.24091.10007)</package>
        </Required>
        <Dependent type="60" displayName="Contact" parentDisplayName="Contact" id="{1fed44d1-ae68-4a41-bd2b-f13acac4acfa}" />
      </MissingDependency>
      <MissingDependency>
        <Required type="61" schemaName="mspp_entities/subgrid_filtering.js" displayName="mspp_entities/subgrid_filtering.js" solution="PowerPages_AppResources (1.0.2407.1)">
          <package>PowerPages_Core (1.0.2408.119)</package>
        </Required>
        <Dependent type="60" displayName="Portal Contact (Enhanced)" parentDisplayName="Contact" id="{c1c97961-2d42-4103-abf8-2fe2bdf38224}" />
      </MissingDependency>
      <MissingDependency>
        <Required type="66" schemaName="Intelligence.BusinessCardReaderControl.BusinessCardReader" displayName="Intelligence.BusinessCardReaderControl.BusinessCardReader" solution="BaseCustomControlsCore (9.0.2409.1008)" />
        <Dependent type="60" displayName="Contact" parentDisplayName="Contact" id="{1fed44d1-ae68-4a41-bd2b-f13acac4acfa}" />
      </MissingDependency>
      <MissingDependency>
        <Required type="66" schemaName="Microsoft.AddressInputUCI" displayName="Microsoft.AddressInputUCI" solution="BaseCustomControlsCore (9.0.2409.1008)" />
        <Dependent type="60" displayName="Contact" parentDisplayName="Contact" id="{1fed44d1-ae68-4a41-bd2b-f13acac4acfa}" />
      </MissingDependency>
      <MissingDependency>
        <Required type="66" schemaName="MscrmControls.CardFeedContainer.CardFeedContainer" displayName="MscrmControls.CardFeedContainer.CardFeedContainer" solution="BaseCustomControlsCore (9.0.2409.1008)" />
        <Dependent type="60" displayName="Contact" parentDisplayName="Contact" id="{1fed44d1-ae68-4a41-bd2b-f13acac4acfa}" />
      </MissingDependency>
      <MissingDependency>
        <Required type="66" schemaName="MscrmControls.LeadHygiene.ValidatedFieldControl" displayName="MscrmControls.LeadHygiene.ValidatedFieldControl" solution="msdyn_leadhygiene (9.1.2409.1001)">
          <package>msdyn_AcceleratedSalesAnchor (9.1.24091.10002)</package>
        </Required>
        <Dependent type="60" displayName="Contact" parentDisplayName="Contact" id="{1fed44d1-ae68-4a41-bd2b-f13acac4acfa}" />
      </MissingDependency>
      <MissingDependency>
        <Required type="66" schemaName="MscrmControls.TalkingPointsControl.TalkingPoints" displayName="MscrmControls.TalkingPointsControl.TalkingPoints" solution="msdynce_Talkingpoints (9.1.0.59)">
          <package>msdynce_SalesInsightsAnchor (9.0.24091.10007)</package>
        </Required>
        <Dependent type="60" displayName="Contact" parentDisplayName="Contact" id="{1fed44d1-ae68-4a41-bd2b-f13acac4acfa}" />
      </MissingDependency>
      <MissingDependency>
        <Required type="66" schemaName="msdyn_SalesOmniChannel.SalesPhoneNumberControl" displayName="msdyn_SalesOmniChannel.SalesPhoneNumberControl" solution="msdyn_SalesOmniChannel (9.1.24091.10002)">
          <package>msdyn_AcceleratedSalesAnchor (9.1.24091.10002)</package>
        </Required>
        <Dependent type="60" displayName="Contact" parentDisplayName="Contact" id="{1fed44d1-ae68-4a41-bd2b-f13acac4acfa}" />
      </MissingDependency>
      <MissingDependency>
        <Required type="66" schemaName="MsdynControls.WKWControls.ConnectionsWidget" displayName="MsdynControls.WKWControls.ConnectionsWidget" solution="msdyn_connectiongraph (9.3.24091.10001)">
          <package>msdynce_SalesInsightsAnchor (9.0.24091.10007)</package>
        </Required>
        <Dependent type="60" displayName="Contact" parentDisplayName="Contact" id="{1fed44d1-ae68-4a41-bd2b-f13acac4acfa}" />
      </MissingDependency>
      <MissingDependency>
        <Required type="9" schemaName="crafd_language_choice" displayName="Language_Choice" solution="Active" />
        <Dependent type="2" schemaName="crafd_language" displayName="Language" parentSchemaName="crafd_emailtemplates" parentDisplayName=" EmailTemplates" />
      </MissingDependency>
      <MissingDependency>
        <Required type="9" schemaName="crafd_type_tempate_choice" displayName="Type_Tempate_Choice" solution="Active" />
        <Dependent type="2" schemaName="crafd_template_type" displayName="Template_Type" parentSchemaName="crafd_emailtemplates" parentDisplayName=" EmailTemplates" />
      </MissingDependency>
      <MissingDependency>
        <Required type="DVTableSearch" solution="Active" id="{21eb9691-f775-ef11-a66f-7c1e5209e9a2}" />
        <Dependent type="DVTableSearchEntity" id="{38f802a3-fc75-ef11-a66f-000d3a7f5869}" />
      </MissingDependency>
      <MissingDependency>
        <Required type="SettingDefinition" displayName="AppChannel" solution="msdyn_AppFrameworkInfraExtensions (1.0.0.12)" id.uniquename="AppChannel" />
        <Dependent type="AppSetting" displayName="parentappmoduleid.uniquename=crafd_Tasks,settingdefinitionid.uniquename=AppChannel" id.parentappmoduleid.uniquename="crafd_Tasks" id.settingdefinitionid.uniquename="AppChannel" />
      </MissingDependency>
    </MissingDependencies>
  </SolutionManifest>
</ImportExportXml>