<appaction uniquename="crafd__Batchbirthdaycong!cf5660bc3013435e8f87220b17e91d3c!crafd_Tasks!contact!1">
  <appmoduleid>
    <uniquename>crafd_Tasks</uniquename>
  </appmoduleid>
  <buttonlabeltext default="Batch birthday congratulation">
    <label description="Batch birthday congratulation" languagecode="1033" />
  </buttonlabeltext>
  <context>1</context>
  <contextentity>
    <logicalname>contact</logicalname>
  </contextentity>
  <contextvalue>contact</contextvalue>
  <fonticon>AccessFile</fonticon>
  <hidden>0</hidden>
  <iscustomizable>1</iscustomizable>
  <isdisabled>0</isdisabled>
  <isgrouptitlehidden>0</isgrouptitlehidden>
  <location>1</location>
  <name>Batchbirthdaycong!cf5660bc3013435e8f87220b17e91d3c</name>
  <onclickeventjavascriptfunctionname>Sdk.openDialog</onclickeventjavascriptfunctionname>
  <onclickeventjavascriptparameters>[]</onclickeventjavascriptparameters>
  <onclickeventjavascriptwebresourceid>
    <webresourceid>9eb02936-e171-ef11-a670-6045bdd1f3ca</webresourceid>
  </onclickeventjavascriptwebresourceid>
  <onclickeventtype>2</onclickeventtype>
  <origin>0</origin>
  <sequence>1000100003.0000000000</sequence>
  <statecode>0</statecode>
  <statuscode>1</statuscode>
  <type>0</type>
  <visibilitytype>0</visibilitytype>
</appaction>