<appaction uniquename="crafd__Birthdaybatchexte!44a14dfde0204bba8cf8c242e46c1447!crafd_Tasks!contact!1">
  <appmoduleid>
    <uniquename>crafd_Tasks</uniquename>
  </appmoduleid>
  <buttonlabeltext default="Birthday batch external">
    <label description="Birthday batch external" languagecode="1033" />
  </buttonlabeltext>
  <context>1</context>
  <contextentity>
    <logicalname>contact</logicalname>
  </contextentity>
  <contextvalue>contact</contextvalue>
  <fonticon>AccessFile</fonticon>
  <hidden>0</hidden>
  <iscustomizable>1</iscustomizable>
  <isdisabled>0</isdisabled>
  <isgrouptitlehidden>0</isgrouptitlehidden>
  <location>1</location>
  <name>Birthdaybatchexte!44a14dfde0204bba8cf8c242e46c1447</name>
  <onclickeventjavascriptfunctionname>Task5.openNewWindow</onclickeventjavascriptfunctionname>
  <onclickeventjavascriptparameters>[]</onclickeventjavascriptparameters>
  <onclickeventjavascriptwebresourceid>
    <webresourceid>f6e3b554-5774-ef11-a670-6045bdd054c8</webresourceid>
  </onclickeventjavascriptwebresourceid>
  <onclickeventtype>2</onclickeventtype>
  <origin>0</origin>
  <sequence>1000100004.0000000000</sequence>
  <statecode>0</statecode>
  <statuscode>1</statuscode>
  <type>0</type>
  <visibilitytype>0</visibilitytype>
</appaction>